{"cameraMode":{"drawMode":0,"name":"Shaded","section":"Shading Mode"},"sceneLighting":true,"audioPlay":false,"sceneViewState":{"m_AlwaysRefresh":false,"showFog":true,"showSkybox":true,"showFlares":true,"showImageEffects":true,"showParticleSystems":true,"showVisualEffectGraphs":true,"m_FxEnabled":true},"in2DMode":false,"pivot":{"x":-16.132055282592775,"y":0.9943188428878784,"z":33.10109329223633},"rotation":{"x":-0.03870003670454025,"y":0.7652510404586792,"z":-0.046207770705223086,"w":-0.640906572341919},"size":29.110158920288087,"orthographic":false}